{
    "_id": "63daf3b5fc7bb57794588acb",
    "linked_resources": null,
    "application_date": "2022-11-01",
    "authors": [
        {
            "fn": "Luis Partida",
            "has_email": "lpartida@thewaterinstitute.org"
        }
    ],
    "common_parameters": null,
    "temporal_extent": null,
    "description": "The LWI HEC-RAS 2D Unsteady Calibrated Model has simulations that make use of HEC-HMS hydrology from the LWI HEC-HMS model. In addition it also makes use of wind data and a downstream boundary condition from ADCIRC output data for surge stage along the north shore of Lake Maurepas.",
    "grid": {
        "shape": "unstructured",
        "coordinate_system": "PROJCS[\"USA_Contiguous_Albers_Equal_Area_Conic_USGS_version\",GEOGCS[\"GCS_North_American_1983\",DATUM[\"D_North_American_1983\",SPHEROID[\"GRS_1980\",6378137.0,298.257222101]],PRIMEM[\"Greenwich\",0.0],UNIT[\"Degree\",0.0174532925199433]],PROJECTION[\"Albers\"],PARAMETER[\"false_easting\",0.0],PARAMETER[\"false_northing\",0.0],PARAMETER[\"central_meridian\",-96.0],PARAMETER[\"standard_parallel_1\",29.5],PARAMETER[\"standard_parallel_2\",45.5],PARAMETER[\"latitude_of_origin\",23.0],UNIT[\"Foot_US\",0.3048006096012192]]",
        "description": null,
        "dimension": "2D"
    },
    "spatial_valid_extent_resolved": {
        "coordinates": [
            [
                [
                    -91.0954148,
                    31.3213119
                ],
                [
                    -91.0952779,
                    31.3205997
                ],
                [
                    -91.0947152,
                    31.3204859
                ],
                [
                    -91.0931012,
                    31.320663
                ],
                [
                    -91.092731,
                    31.3205871
                ],
                [
                    -91.092657,
                    31.3196004
                ],
                [
                    -91.0930864,
                    31.3193095
                ],
                [
                    -91.0929087,
                    31.3189426
                ],
                [
                    -91.0916797,
                    31.3177156
                ],
                [
                    -91.0905839,
                    31.3175764
                ],
                [
                    -91.0900953,
                    31.3177282
                ],
                [
                    -91.089888,
                    31.3172222
                ],
                [
                    -91.089417,
                    31.317444
                ],
                [
                    -91.0889004,
                    31.3178437
                ],
                [
                    -91.087623,
                    31.3172533
                ],
                [
                    -91.0876649,
                    31.3167345
                ],
                [
                    -91.0867435,
                    31.3154017
                ],
                [
                    -91.0866911,
                    31.3135321
                ],
                [
                    -91.086042,
                    31.3129328
                ],
                [
                    -91.0860105,
                    31.3121635
                ],
                [
                    -91.0857593,
                    31.3118325
                ],
                [
                    -91.0859896,
                    31.3115552
                ],
                [
                    -91.0864357,
                    31.3117876
                ],
                [
                    -91.0866356,
                    31.3116991
                ],
                [
                    -91.086917,
                    31.3118635
                ],
                [
                    -91.0871687,
                    31.3117939
                ],
                [
                    -91.0870354,
                    31.3114271
                ],
                [
                    -91.0864505,
                    31.3109527
                ],
                [
                    -91.0859545,
                    31.3109337
                ],
                [
                    -91.0858952,
                    31.310649
                ],
                [
                    -91.0862654,
                    31.3103138
                ],
                [
                    -91.0859249,
                    31.3101303
                ],
                [
                    -91.0853029,
                    31.3101114
                ],
                [
                    -91.0847773,
                    31.3099026
                ],
                [
                    -91.0849698,
                    31.3093966
                ],
                [
                    -91.0848513,
                    31.3089791
                ],
                [
                    -91.0841331,
                    31.3085869
                ],
                [
                    -91.0836741,
                    31.3085553
                ],
                [
                    -91.0831855,
                    31.3081947
                ],
                [
                    -91.0831855,
                    31.3080176
                ],
                [
                    -91.0839258,
                    31.3078911
                ],
                [
                    -91.0844959,
                    31.3078721
                ],
                [
                    -91.0848513,
                    31.3076317
                ],
                [
                    -91.0849624,
                    31.3073534
                ],
                [
                    -91.0847329,
                    31.3068916
                ],
                [
                    -91.0844441,
                    31.3063476
                ],
                [
                    -91.0841554,
                    31.3063476
                ],
                [
                    -91.0837037,
                    31.3064425
                ],
                [
                    -91.0835408,
                    31.3062527
                ],
                [
                    -91.0838518,
                    31.3046776
                ],
                [
                    -91.0843553,
                    31.30457
                ],
                [
                    -91.0844811,
                    31.3044056
                ],
                [
                    -91.0842664,
                    31.3041525
                ],
                [
                    -91.0839777,
                    31.3039564
                ],
                [
                    -91.0842516,
                    31.3036907
                ],
                [
                    -91.0845922,
                    31.3033744
                ],
                [
                    -91.0844589,
                    31.3030835
                ],
                [
                    -91.0845404,
                    31.3025521
                ],
                [
                    -91.0841702,
                    31.3021599
                ],
                [
                    -91.0839925,
                    31.301154
                ],
                [
                    -91.0840739,
                    31.3008567
                ],
                [
                    -91.0844663,
                    31.3007491
                ],
                [
                    -91.0843479,
                    31.3005024
                ],
                [
                    -91.0838148,
                    31.3002114
                ],
                [
                    -91.0835186,
                    31.2996041
                ],
                [
                    -91.0832669,
                    31.2996737
                ],
                [
                    -91.0829263,
                    31.3000596
                ],
                [
                    -91.0824451,
                    31.3000786
                ],
                [
                    -91.0822378,
                    31.2997433
                ],
                [
                    -91.0823488,
                    31.2984464
                ],
                [
                    -91.0820527,
                    31.2983894
                ],
                [
                    -91.081564,
                    31.2983958
                ],
                [
                    -91.081453,
                    31.2981617
                ],
                [
                    -91.0818158,
                    31.2978264
                ],
                [
                    -91.0818676,
                    31.2975417
                ],
                [
                    -91.0816529,
                    31.2974405
                ],
                [
                    -91.0812235,
                    31.2975987
                ],
                [
                    -91.0809273,
                    31.2973962
                ],
                [
                    -91.0805349,
                    31.2967826
                ],
                [
                    -91.0799648,
                    31.2964473
                ],
                [
                    -91.0797057,
                    31.2961436
                ],
                [
                    -91.0797723,
                    31.2958652
                ],
                [
                    -91.0801055,
                    31.2956881
                ],
                [
                    -91.0802684,
                    31.2953401
                ],
                [
                    -91.080224,
                    31.2942077
                ],
                [
                    -91.0805793,
                    31.293866
                ],
                [
                    -91.0810236,
                    31.2936952
                ],
                [
                    -91.0810088,
                    31.293303
                ],
                [
                    -91.0808015,
                    31.2925438
                ],
                [
                    -91.0808533,
                    31.291329
                ],
                [
                    -91.0801499,
                    31.2899814
                ],
                [
                    -91.0800759,
                    31.2890577
                ],
                [
                    -91.0797968,
                    31.2887339
                ],
                [
                    -91.0795769,
                    31.2889129
                ],
                [
                    -91.0793361,
                    31.288725
                ],
                [
                    -91.0791476,
                    31.2884565
                ],
                [
                    -91.0787183,
                    31.2884297
                ],
                [
                    -91.0765823,
                    31.2883044
                ],
                [
                    -91.0758913,
                    31.2878123
                ],
                [
                    -91.0732841,
                    31.2874991
                ],
                [
                    -91.072991,
                    31.2867296
                ],
                [
                    -91.0719439,
                    31.2865686
                ],
                [
                    -91.071745,
                    31.2863449
                ],
                [
                    -91.0719753,
                    31.28511
                ],
                [
                    -91.0704571,
                    31.2844926
                ],
                [
                    -91.0695462,
                    31.2838036
                ],
                [
                    -91.0678709,
                    31.2837678
                ],
                [
                    -91.0663632,
                    31.2830341
                ],
                [
                    -91.0655255,
                    31.2825419
                ],
                [
                    -91.0643528,
                    31.2819066
                ],
                [
                    -91.0631697,
                    31.2815755
                ],
                [
                    -91.062154,
                    31.2818977
                ],
                [
                    -91.0617143,
                    31.2824256
                ],
                [
                    -91.0617143,
                    31.2827835
                ],
                [
                    -91.0612221,
                    31.2828551
                ],
                [
                    -91.0608138,
                    31.2826404
                ],
                [
                    -91.0604264,
                    31.2822735
                ],
                [
                    -91.0599657,
                    31.2822287
                ],
                [
                    -91.0592746,
                    31.2817545
                ],
                [
                    -91.0592934,
                    31.2597674
                ],
                [
                    -91.0595983,
                    31.2454008
                ],
                [
                    -91.0593696,
                    31.2343796
                ],
                [
                    -91.0595781,
                    31.173789
                ],
                [
                    -91.0594186,
                    31.1390444
                ],
                [
                    -91.0593586,
                    31.1301
                ],
                [
                    -91.0591849,
                    31.1006422
                ],
                [
                    -91.0592958,
                    31.0858973
                ],
                [
                    -91.0589261,
                    31.0629715
                ],
                [
                    -91.0597272,
                    31.0269325
                ],
                [
                    -91.0598419,
                    30.9991595
                ],
                [
                    -90.9267334,
                    30.9994623
                ],
                [
                    -90.89473,
                    30.9995932
                ],
                [
                    -90.8905667,
                    30.9995768
                ],
                [
                    -90.8790319,
                    30.9995315
                ],
                [
                    -90.8702738,
                    30.9994971
                ],
                [
                    -90.8525522,
                    30.9994274
                ],
                [
                    -90.8350874,
                    30.9993588
                ],
                [
                    -90.826027,
                    30.9993232
                ],
                [
                    -90.783745,
                    30.9994102
                ],
                [
                    -90.779858,
                    30.9994202
                ],
                [
                    -90.775981,
                    30.9994542
                ],
                [
                    -90.769333,
                    30.9993372
                ],
                [
                    -90.758775,
                    30.9995462
                ],
                [
                    -90.7531955,
                    30.999463
                ],
                [
                    -90.734552,
                    30.9991852
                ],
                [
                    -90.734473,
                    30.9991772
                ],
                [
                    -90.651193,
                    30.9994732
                ],
                [
                    -90.648721,
                    30.9994492
                ],
                [
                    -90.567195,
                    30.9996962
                ],
                [
                    -90.5475042,
                    30.9997214
                ],
                [
                    -90.5477247,
                    31.0252454
                ],
                [
                    -90.5476317,
                    31.0432904
                ],
                [
                    -90.5478474,
                    31.072636
                ],
                [
                    -90.5478998,
                    31.0937194
                ],
                [
                    -90.5478242,
                    31.1017716
                ],
                [
                    -90.547909,
                    31.125179
                ],
                [
                    -90.5479263,
                    31.1601454
                ],
                [
                    -90.5480225,
                    31.1746828
                ],
                [
                    -90.5480739,
                    31.2022817
                ],
                [
                    -90.5480557,
                    31.2040288
                ],
                [
                    -90.5483153,
                    31.2318758
                ],
                [
                    -90.5481272,
                    31.2622559
                ],
                [
                    -90.5481666,
                    31.3058996
                ],
                [
                    -90.5481291,
                    31.3494399
                ],
                [
                    -90.6328232,
                    31.3493272
                ],
                [
                    -90.803841,
                    31.348772
                ],
                [
                    -90.986557,
                    31.348217
                ],
                [
                    -90.989677,
                    31.339972
                ],
                [
                    -90.997711,
                    31.339899
                ],
                [
                    -91.003685,
                    31.346695
                ],
                [
                    -91.012268,
                    31.34753
                ],
                [
                    -91.0187,
                    31.347015
                ],
                [
                    -91.0211564,
                    31.3427135
                ],
                [
                    -91.022369,
                    31.34059
                ],
                [
                    -91.027168,
                    31.338263
                ],
                [
                    -91.037331,
                    31.337255
                ],
                [
                    -91.042137,
                    31.335842
                ],
                [
                    -91.05014,
                    31.333483
                ],
                [
                    -91.05394,
                    31.337101
                ],
                [
                    -91.059853,
                    31.338413
                ],
                [
                    -91.061974,
                    31.337025
                ],
                [
                    -91.06353,
                    31.332901
                ],
                [
                    -91.068003,
                    31.3309357
                ],
                [
                    -91.0684637,
                    31.3296121
                ],
                [
                    -91.0694689,
                    31.3285209
                ],
                [
                    -91.0706207,
                    31.3282884
                ],
                [
                    -91.0713955,
                    31.3290039
                ],
                [
                    -91.0725054,
                    31.3297373
                ],
                [
                    -91.074745,
                    31.330509
                ],
                [
                    -91.0766935,
                    31.3301487
                ],
                [
                    -91.0774893,
                    31.3292543
                ],
                [
                    -91.0774893,
                    31.3273761
                ],
                [
                    -91.0776778,
                    31.3258198
                ],
                [
                    -91.0789342,
                    31.3251758
                ],
                [
                    -91.081133,
                    31.3249612
                ],
                [
                    -91.0828083,
                    31.3253905
                ],
                [
                    -91.0837507,
                    31.3259629
                ],
                [
                    -91.0848186,
                    31.3268931
                ],
                [
                    -91.0867452,
                    31.3268931
                ],
                [
                    -91.087541,
                    31.3261955
                ],
                [
                    -91.0892791,
                    31.3252832
                ],
                [
                    -91.0898235,
                    31.3247644
                ],
                [
                    -91.0908915,
                    31.3238163
                ],
                [
                    -91.0937604,
                    31.3217233
                ],
                [
                    -91.0954148,
                    31.3213119
                ]
            ]
        ],
        "type": "Polygon"
    },
    "common_software_version": "/model_software/6349b25e8cedd9744901f7aa",
    "keywords": [
        "2d",
        "unsteady",
        "hec-ras",
        "hec",
        "ras",
        "hydraulic",
        "model",
        "lwi",
        "compound flooding",
        "amite"
    ],
    "common_files_details": [
        {
            "source_dataset": null,
            "description": "Terrain used by model simulations as geotif",
            "location": "/lwi-common/deliverables/Example/Amite_LWI/Models/Amite_RAS/Terrain/Amite_Dec15.AmiteDEM_Dec15.tif",
            "title": "Terrain"
        },
        {
            "source_dataset": null,
            "description": "RAS master input text file",
            "location": "/lwi-common/deliverables/Example/Amite_LWI/Models/Amite_RAS/Amite_2022.b**",
            "title": "b files"
        },
        {
            "source_dataset": null,
            "description": "RAS geometry file",
            "location": "/lwi-common/deliverables/Example/Amite_LWI/Models/Amite_RAS/Amite_2022.g01",
            "title": "g file"
        },
        {
            "source_dataset": null,
            "description": "Color scale for Hyd, WQ and Sed",
            "location": "/lwi-common/deliverables/Example/Amite_LWI/Models/Amite_RAS/Amite_2022.color_scales",
            "title": "color_scale file"
        },
        {
            "source_dataset": null,
            "description": "RAS project file which links projects with plans, geometry, and flow files",
            "location": "/lwi-common/deliverables/Example/Amite_LWI/Models/Amite_RAS/Amite_2022.prj",
            "title": "prj file"
        },
        {
            "source_dataset": null,
            "description": "Geometry file in HDF format",
            "location": "/lwi-common/deliverables/Example/Amite_LWI/Models/Amite_RAS/Amite_2022.g01.hdf",
            "title": "Geometry in HDF format"
        },
        {
            "source_dataset": null,
            "description": "Binary Geometry file from Geom Prep",
            "location": "/lwi-common/deliverables/Example/Amite_LWI/Models/Amite_RAS/Amite_2022.c01",
            "title": "c file"
        },
        {
            "source_dataset": null,
            "description": "Geometry master input text file",
            "location": "/lwi-common/deliverables/Example/Amite_LWI/Models/Amite_RAS/Amite_2022.x01",
            "title": "x file"
        },
        {
            "source_dataset": null,
            "description": "output model data in dss",
            "location": "/lwi-common/deliverables/Example/Amite_LWI/Models/Amite_RAS/Amite_2022.dss",
            "title": "output dss file"
        },
        {
            "source_dataset": null,
            "description": "Model plan data",
            "location": "/lwi-common/deliverables/Example/Amite_LWI/Models/Amite_RAS/Amite_2022.p**",
            "title": "plan files"
        },
        {
            "source_dataset": null,
            "description": "Model plan result output in HDF format",
            "location": "/lwi-common/deliverables/Example/Amite_LWI/Models/Amite_RAS/Amite_2022.p**.hdf",
            "title": "plan output hdf files"
        },
        {
            "source_dataset": null,
            "description": "unsteady flow file",
            "location": "/lwi-common/deliverables/Example/Amite_LWI/Models/Amite_RAS/Amite_2022.u**",
            "title": "u files"
        },
        {
            "source_dataset": null,
            "description": "unsteady flow file in HDF format",
            "location": "/lwi-common/deliverables/Example/Amite_LWI/Models/Amite_RAS/Amite_2022.u**.hdf",
            "title": "u hdf files"
        },
        {
            "source_dataset": null,
            "description": "RAS Mapper file defining results visualization within RAS Mapper",
            "location": "/lwi-common/deliverables/Example/Amite_LWI/Models/Amite_RAS/Amite_2022.rasmap",
            "title": "RAS Mapper file"
        },
        {
            "source_dataset": null,
            "description": "Hydrological Infiltration Rate for Losses using Rain on Grid in geotif format",
            "location": "/lwi-common/deliverables/Example/Amite_LWI/Models/Amite_RAS/LULC/InfiltrationHiRes.tif",
            "title": "Infiltration Rate Raster"
        },
        {
            "source_dataset": null,
            "description": "Mannings n Raster in geotif format",
            "location": "/lwi-common/deliverables/Example/Amite_LWI/Models/Amite_RAS/LULC/Mannings_n.tif",
            "title": "Mannings n Raster"
        },
        {
            "source_dataset": null,
            "description": "Percent impervious land use cover in geotif format",
            "location": "/lwi-common/deliverables/Example/Amite_LWI/Models/Amite_RAS/LULC/PercentImprev.tif",
            "title": "Percent Impervious Raster"
        }
    ],
    "spatial_extent_resolved": {
        "coordinates": [
            [
                [
                    -90.6864596149719,
                    30.709528635891417
                ],
                [
                    -90.68399968564852,
                    30.704213731469252
                ],
                [
                    -90.67581788272378,
                    30.686531986195135
                ],
                [
                    -90.65863342554366,
                    30.64937350312674
                ],
                [
                    -90.6666616210395,
                    30.60142975948547
                ],
                [
                    -90.67841059829168,
                    30.58688731852645
                ],
                [
                    -90.69079039589401,
                    30.560714625545614
                ],
                [
                    -90.69642931315585,
                    30.546857876815025
                ],
                [
                    -90.69624102448219,
                    30.545020740859314
                ],
                [
                    -90.69195915905068,
                    30.503229774592967
                ],
                [
                    -90.62965911636336,
                    30.506054812089758
                ],
                [
                    -90.62988656126822,
                    30.52481840348591
                ],
                [
                    -90.63094134950784,
                    30.53532711546623
                ],
                [
                    -90.63018710784618,
                    30.552890387164098
                ],
                [
                    -90.6145393217413,
                    30.560602137075747
                ],
                [
                    -90.61551977397967,
                    30.57960673481658
                ],
                [
                    -90.6168327906538,
                    30.60505383460068
                ],
                [
                    -90.61755988082012,
                    30.619143506974552
                ],
                [
                    -90.61855728013667,
                    30.63846902187842
                ],
                [
                    -90.61797340559959,
                    30.641336098974108
                ],
                [
                    -90.61315011598457,
                    30.66501280082312
                ],
                [
                    -90.61282044175871,
                    30.666630604187148
                ],
                [
                    -90.6125597456507,
                    30.667909867926127
                ],
                [
                    -90.6073180731845,
                    30.69362276939802
                ],
                [
                    -90.6070064775214,
                    30.695150777994172
                ],
                [
                    -90.60551610211277,
                    30.702458519236444
                ],
                [
                    -90.58500609322927,
                    30.70623094294878
                ],
                [
                    -90.56412993178716,
                    30.688687966110493
                ],
                [
                    -90.56334338716213,
                    30.688026824087828
                ],
                [
                    -90.55932710639682,
                    30.653686638730946
                ],
                [
                    -90.55875829382452,
                    30.648821787116304
                ],
                [
                    -90.55772465221726,
                    30.63998052482657
                ],
                [
                    -90.55410363411838,
                    30.613790019773376
                ],
                [
                    -90.5535389500749,
                    30.60970476163618
                ],
                [
                    -90.5566965359858,
                    30.589923433298083
                ],
                [
                    -90.55721144251551,
                    30.58669675634249
                ],
                [
                    -90.56025808176514,
                    30.567599373696922
                ],
                [
                    -90.56655482867049,
                    30.55571058084591
                ],
                [
                    -90.56809145482829,
                    30.55280877882359
                ],
                [
                    -90.57033179578214,
                    30.540407624609372
                ],
                [
                    -90.56332418226171,
                    30.504108663160153
                ],
                [
                    -90.53188788829847,
                    30.50487142463426
                ],
                [
                    -90.52948222668216,
                    30.511925614917686
                ],
                [
                    -90.52508552324339,
                    30.52481511406232
                ],
                [
                    -90.5233699693951,
                    30.529843405101033
                ],
                [
                    -90.51944875179395,
                    30.542048584263256
                ],
                [
                    -90.51132997844863,
                    30.565217905490286
                ],
                [
                    -90.50559521968394,
                    30.581905589864263
                ],
                [
                    -90.51003399790407,
                    30.595297707958153
                ],
                [
                    -90.51986977429208,
                    30.6249607773492
                ],
                [
                    -90.5300710966852,
                    30.65570850784077
                ],
                [
                    -90.51629302802077,
                    30.66241750171467
                ],
                [
                    -90.51190266659789,
                    30.664554795553187
                ],
                [
                    -90.5059347630747,
                    30.66745966131441
                ],
                [
                    -90.5053254260245,
                    30.665544841642216
                ],
                [
                    -90.50521060874078,
                    30.665184030923783
                ],
                [
                    -90.50477932089264,
                    30.663828673272988
                ],
                [
                    -90.49677189180511,
                    30.638361397989712
                ],
                [
                    -90.49277431361891,
                    30.632880534824977
                ],
                [
                    -90.48715702997555,
                    30.625177795925694
                ],
                [
                    -90.48267831792135,
                    30.61903534049084
                ],
                [
                    -90.47963353723333,
                    30.614858987009626
                ],
                [
                    -90.47902182125198,
                    30.613954843474417
                ],
                [
                    -90.47842144970849,
                    30.61306744586051
                ],
                [
                    -90.47580243201548,
                    30.609196134166524
                ],
                [
                    -90.47478964421342,
                    30.607698987375883
                ],
                [
                    -90.47377885928084,
                    30.606204752488125
                ],
                [
                    -90.47302812111391,
                    30.605094906607818
                ],
                [
                    -90.47119227417608,
                    30.60238078537769
                ],
                [
                    -90.46725098744245,
                    30.596553414655688
                ],
                [
                    -90.4621784974111,
                    30.589038433314414
                ],
                [
                    -90.45181443714307,
                    30.5777819808187
                ],
                [
                    -90.45173087328168,
                    30.57744843916757
                ],
                [
                    -90.4511830464406,
                    30.575261797623696
                ],
                [
                    -90.44703959292762,
                    30.55872046481521
                ],
                [
                    -90.44120569977689,
                    30.55046726428658
                ],
                [
                    -90.43815083335089,
                    30.546144921606626
                ],
                [
                    -90.43422992213617,
                    30.540596582123868
                ],
                [
                    -90.40722090842785,
                    30.52031796090357
                ],
                [
                    -90.39843239852924,
                    30.512302518935385
                ],
                [
                    -90.39434184801084,
                    30.51228388724931
                ],
                [
                    -90.39391163636897,
                    30.51228192125774
                ],
                [
                    -90.37899601306518,
                    30.512212844245354
                ],
                [
                    -90.37889759003514,
                    30.51216251463417
                ],
                [
                    -90.37027802593671,
                    30.507754054767062
                ],
                [
                    -90.36829873675036,
                    30.507391591469784
                ],
                [
                    -90.36758881181738,
                    30.507261574793105
                ],
                [
                    -90.36396212759816,
                    30.507048662237125
                ],
                [
                    -90.36190312453255,
                    30.506878300273556
                ],
                [
                    -90.36148031158267,
                    30.506843312310394
                ],
                [
                    -90.36049884567444,
                    30.506762093388915
                ],
                [
                    -90.35617766589259,
                    30.506630069758415
                ],
                [
                    -90.35522210265624,
                    30.506600857086724
                ],
                [
                    -90.35491879526671,
                    30.506596812082492
                ],
                [
                    -90.3453176507984,
                    30.50646841624554
                ],
                [
                    -90.34302285472727,
                    30.519121247915933
                ],
                [
                    -90.34266642688925,
                    30.52108613534149
                ],
                [
                    -90.3369588579689,
                    30.522381806649705
                ],
                [
                    -90.32742218947186,
                    30.524546074533546
                ],
                [
                    -90.324091769891,
                    30.52861867002993
                ],
                [
                    -90.32211305148284,
                    30.540238604052774
                ],
                [
                    -90.33051781412021,
                    30.547542877614575
                ],
                [
                    -90.32512393579742,
                    30.564443012000552
                ],
                [
                    -90.31592018566366,
                    30.568616625310852
                ],
                [
                    -90.31345778485844,
                    30.58041266711669
                ],
                [
                    -90.30900252065358,
                    30.590488877213843
                ],
                [
                    -90.31469911849598,
                    30.599674279000098
                ],
                [
                    -90.31141971894493,
                    30.6046391489419
                ],
                [
                    -90.30741604316302,
                    30.610699679743774
                ],
                [
                    -90.30247974410469,
                    30.615992602487978
                ],
                [
                    -90.29238748430298,
                    30.62681145817622
                ],
                [
                    -90.28675965754947,
                    30.62672209154509
                ],
                [
                    -90.2764372929052,
                    30.619922616037726
                ],
                [
                    -90.26407575522461,
                    30.578661692025236
                ],
                [
                    -90.23893766163208,
                    30.559161430937706
                ],
                [
                    -90.19642331993843,
                    30.503772208532894
                ],
                [
                    -90.19890146099101,
                    30.487381122365818
                ],
                [
                    -90.20360971316653,
                    30.459612082263348
                ],
                [
                    -90.21270475779289,
                    30.436386315862762
                ],
                [
                    -90.21226269265979,
                    30.436377018818973
                ],
                [
                    -90.19660102851566,
                    30.43604666714498
                ],
                [
                    -90.18309246960742,
                    30.435760222303898
                ],
                [
                    -90.14680127213127,
                    30.43876698017627
                ],
                [
                    -90.1400897693743,
                    30.44705104192171
                ],
                [
                    -90.12000332483362,
                    30.440122462853424
                ],
                [
                    -90.1147899629401,
                    30.438282875942207
                ],
                [
                    -90.08956858466959,
                    30.430244327468372
                ],
                [
                    -90.08456131847073,
                    30.429422079331374
                ],
                [
                    -90.08498103386984,
                    30.425221955856784
                ],
                [
                    -90.08359469931287,
                    30.417807800613957
                ],
                [
                    -90.08465366133092,
                    30.409563361262556
                ],
                [
                    -90.08829807492788,
                    30.39458358897849
                ],
                [
                    -90.09011540033605,
                    30.387140225348816
                ],
                [
                    -90.09226007854713,
                    30.37272602582634
                ],
                [
                    -90.09477114855484,
                    30.358777571261356
                ],
                [
                    -90.09605941015022,
                    30.351619591483725
                ],
                [
                    -90.16911455464904,
                    30.36681761541496
                ],
                [
                    -90.21269274358826,
                    30.36609998809159
                ],
                [
                    -90.25607804925713,
                    30.32371867041182
                ],
                [
                    -90.30116838068002,
                    30.250511351011284
                ],
                [
                    -90.32088037684909,
                    30.240383730713205
                ],
                [
                    -90.38459761716999,
                    30.20761133300526
                ],
                [
                    -90.38723521073629,
                    30.206253532772976
                ],
                [
                    -90.41049705925148,
                    30.14362714645418
                ],
                [
                    -90.38786672091358,
                    30.08905890110192
                ],
                [
                    -90.40218706042963,
                    30.074980598392358
                ],
                [
                    -90.42052553463422,
                    30.0534036019357
                ],
                [
                    -90.42864281168369,
                    30.044005435041356
                ],
                [
                    -90.43518497404736,
                    30.036366199814537
                ],
                [
                    -90.45096121266526,
                    30.018459183633084
                ],
                [
                    -90.45404534182691,
                    30.001264730425888
                ],
                [
                    -90.46744198417049,
                    30.005642896077603
                ],
                [
                    -90.46735143902626,
                    30.01303663902037
                ],
                [
                    -90.46967139398507,
                    30.01473936968793
                ],
                [
                    -90.46785911026909,
                    30.035696919386282
                ],
                [
                    -90.46637376477966,
                    30.038175792872195
                ],
                [
                    -90.47339796366136,
                    30.046897510442136
                ],
                [
                    -90.47327050658124,
                    30.05182282809227
                ],
                [
                    -90.47793535367812,
                    30.05337943565567
                ],
                [
                    -90.48084699691748,
                    30.05687288453632
                ],
                [
                    -90.48719179633544,
                    30.06062735264271
                ],
                [
                    -90.50056594610086,
                    30.060948278225865
                ],
                [
                    -90.50850605998986,
                    30.059057523693298
                ],
                [
                    -90.51803696592812,
                    30.05460403491685
                ],
                [
                    -90.52227497867773,
                    30.05191024822311
                ],
                [
                    -90.53019041278212,
                    30.05036896907872
                ],
                [
                    -90.53889936272667,
                    30.05062802314842
                ],
                [
                    -90.54404381669333,
                    30.051572663312314
                ],
                [
                    -90.54942092163289,
                    30.05281510520979
                ],
                [
                    -90.55751100975318,
                    30.054105075251144
                ],
                [
                    -90.56947389318127,
                    30.055387171880255
                ],
                [
                    -90.58067243013868,
                    30.055515999004513
                ],
                [
                    -90.59401566893686,
                    30.052367112620857
                ],
                [
                    -90.59816561334605,
                    30.051387438664136
                ],
                [
                    -90.6049712802004,
                    30.04792086462156
                ],
                [
                    -90.61069971796118,
                    30.04456522234345
                ],
                [
                    -90.6153737101691,
                    30.040845528995348
                ],
                [
                    -90.61940087422843,
                    30.037856073048076
                ],
                [
                    -90.62083850929794,
                    30.037233826097804
                ],
                [
                    -90.62229709505978,
                    30.037513452443775
                ],
                [
                    -90.62671571282746,
                    30.041368717762424
                ],
                [
                    -90.63165948579899,
                    30.04452192578782
                ],
                [
                    -90.64148624250932,
                    30.053007339688378
                ],
                [
                    -90.64402188618422,
                    30.05330475888543
                ],
                [
                    -90.65182006724626,
                    30.055557230455804
                ],
                [
                    -90.65400438192195,
                    30.05573329438542
                ],
                [
                    -90.66175673760637,
                    30.05500320011828
                ],
                [
                    -90.66792692894192,
                    30.052809599702314
                ],
                [
                    -90.67915515087763,
                    30.046372452062343
                ],
                [
                    -90.69301511140813,
                    30.03846459792757
                ],
                [
                    -90.72697733763852,
                    30.017093620171536
                ],
                [
                    -90.73413007630215,
                    30.019133450486763
                ],
                [
                    -90.73641305690218,
                    30.018656618868306
                ],
                [
                    -90.74036809241088,
                    30.02021605470695
                ],
                [
                    -90.75146333983257,
                    30.02048844013953
                ],
                [
                    -90.7548107846851,
                    30.019801541848878
                ],
                [
                    -90.76564786983167,
                    30.019408160175587
                ],
                [
                    -90.7742556548533,
                    30.018646406666704
                ],
                [
                    -90.7759182432016,
                    30.017291581422995
                ],
                [
                    -90.7853852612299,
                    30.014809768413897
                ],
                [
                    -90.7931200218242,
                    30.010028044710708
                ],
                [
                    -90.79640214977526,
                    30.006794177513484
                ],
                [
                    -90.80557571912466,
                    29.999407006974053
                ],
                [
                    -90.81876018322674,
                    29.989079792907333
                ],
                [
                    -90.82272622019349,
                    29.989267739532323
                ],
                [
                    -90.82470868163985,
                    29.992360670892083
                ],
                [
                    -90.8263689022446,
                    29.99700297841639
                ],
                [
                    -90.82831180476575,
                    30.011502883966998
                ],
                [
                    -90.83038952885342,
                    30.02027176520494
                ],
                [
                    -90.83176278931273,
                    30.030702079515308
                ],
                [
                    -90.83383067713366,
                    30.04083898226071
                ],
                [
                    -90.8346615100508,
                    30.043159825695994
                ],
                [
                    -90.83927793590387,
                    30.054589983020165
                ],
                [
                    -90.84070657147588,
                    30.055765537215265
                ],
                [
                    -90.84552853061048,
                    30.061533632952077
                ],
                [
                    -90.84798389424823,
                    30.061910025550148
                ],
                [
                    -90.85711274897515,
                    30.067293543990345
                ],
                [
                    -90.86265756042435,
                    30.06872733351051
                ],
                [
                    -90.86977150308275,
                    30.06788780539594
                ],
                [
                    -90.87815866575369,
                    30.067107427644814
                ],
                [
                    -90.8874266498752,
                    30.06786678463949
                ],
                [
                    -90.89699209244522,
                    30.073527880367664
                ],
                [
                    -90.90244902705241,
                    30.08003960037027
                ],
                [
                    -90.90592375607815,
                    30.089456927050392
                ],
                [
                    -90.90854143474621,
                    30.100593842007783
                ],
                [
                    -90.91278576239891,
                    30.121908090742792
                ],
                [
                    -90.91634501732065,
                    30.12878625950411
                ],
                [
                    -90.92073476181449,
                    30.13439925727107
                ],
                [
                    -90.92850799320472,
                    30.138800099359955
                ],
                [
                    -90.93887667703498,
                    30.140223070675574
                ],
                [
                    -90.94208378570796,
                    30.140146332280096
                ],
                [
                    -90.94335694412526,
                    30.139499939442572
                ],
                [
                    -90.94393443751791,
                    30.138972451769547
                ],
                [
                    -90.94560897792256,
                    30.137442863964964
                ],
                [
                    -90.94919405981368,
                    30.135469964762976
                ],
                [
                    -90.95105360310114,
                    30.13296245785476
                ],
                [
                    -90.951258185906,
                    30.131766257309494
                ],
                [
                    -90.95209492601649,
                    30.130530943778197
                ],
                [
                    -90.95355942459177,
                    30.1250479193926
                ],
                [
                    -90.95322119860548,
                    30.124145155009515
                ],
                [
                    -90.95384259699047,
                    30.121284760125704
                ],
                [
                    -90.95404560912432,
                    30.117972846108756
                ],
                [
                    -90.95380991633014,
                    30.115219744350213
                ],
                [
                    -90.95384894410081,
                    30.11425841497916
                ],
                [
                    -90.95471579364903,
                    30.113391012110583
                ],
                [
                    -90.95967323714561,
                    30.112701289540382
                ],
                [
                    -90.9679147216418,
                    30.114354281701594
                ],
                [
                    -90.97565077286764,
                    30.116024864877076
                ],
                [
                    -90.99151666066416,
                    30.11887054117649
                ],
                [
                    -90.99277362799552,
                    30.118658360671304
                ],
                [
                    -90.99800190796148,
                    30.118897308519536
                ],
                [
                    -91.00059273038536,
                    30.119400861146744
                ],
                [
                    -91.00794089018788,
                    30.119851660878794
                ],
                [
                    -91.0097738387745,
                    30.11966554315221
                ],
                [
                    -91.01727359783858,
                    30.119814438118937
                ],
                [
                    -91.01040813093358,
                    30.126151263643607
                ],
                [
                    -91.00291830633421,
                    30.133220834964717
                ],
                [
                    -91.00192295600165,
                    30.134055732226358
                ],
                [
                    -90.99772675482954,
                    30.139760185892158
                ],
                [
                    -90.99504384814303,
                    30.143486391136747
                ],
                [
                    -90.99469259889727,
                    30.147708033096592
                ],
                [
                    -90.99470350718859,
                    30.1502470319099
                ],
                [
                    -90.99402990821761,
                    30.15394209455181
                ],
                [
                    -90.99326344017972,
                    30.156056582892447
                ],
                [
                    -90.99393012267267,
                    30.159464824641006
                ],
                [
                    -90.99619259559353,
                    30.164215132671274
                ],
                [
                    -90.99933451106541,
                    30.16966053353481
                ],
                [
                    -91.00209983487278,
                    30.17469964658366
                ],
                [
                    -91.01104120214202,
                    30.185833424986825
                ],
                [
                    -91.014182232339,
                    30.189763262876454
                ],
                [
                    -91.01666624986544,
                    30.1943999993876
                ],
                [
                    -91.01786097877401,
                    30.195354959689695
                ],
                [
                    -91.02032039901107,
                    30.199233059932936
                ],
                [
                    -91.02420781963392,
                    30.20256180718455
                ],
                [
                    -91.02426001370948,
                    30.202545412761395
                ],
                [
                    -91.02952217424146,
                    30.20707625145178
                ],
                [
                    -91.04650895497814,
                    30.216119858093663
                ],
                [
                    -91.050024452019,
                    30.217212153624345
                ],
                [
                    -91.05956987324443,
                    30.218002124313344
                ],
                [
                    -91.06291550997459,
                    30.217942610545037
                ],
                [
                    -91.06506937323832,
                    30.21850623721882
                ],
                [
                    -91.07268884271558,
                    30.219062594023583
                ],
                [
                    -91.07662481747113,
                    30.21846991084101
                ],
                [
                    -91.08219076389013,
                    30.217864699532115
                ],
                [
                    -91.0932399622008,
                    30.21472609618671
                ],
                [
                    -91.09958031834094,
                    30.211889034277448
                ],
                [
                    -91.10554919464775,
                    30.20865029175161
                ],
                [
                    -91.1106161868963,
                    30.20562750216635
                ],
                [
                    -91.12626060786533,
                    30.194867461026277
                ],
                [
                    -91.13563246563798,
                    30.189127863615838
                ],
                [
                    -91.13943886878127,
                    30.18651800945463
                ],
                [
                    -91.14156279438686,
                    30.184816692668846
                ],
                [
                    -91.1464178541773,
                    30.18366379876997
                ],
                [
                    -91.14966685532575,
                    30.185474839168904
                ],
                [
                    -91.15366728544315,
                    30.19296181802372
                ],
                [
                    -91.15310053358519,
                    30.197553567888832
                ],
                [
                    -91.15194605211371,
                    30.19955442325076
                ],
                [
                    -91.1520459876488,
                    30.200371049640736
                ],
                [
                    -91.15019106366245,
                    30.20336684398174
                ],
                [
                    -91.14502834895474,
                    30.213055707456817
                ],
                [
                    -91.1363162902054,
                    30.2226295771016
                ],
                [
                    -91.11725894846198,
                    30.236743812374684
                ],
                [
                    -91.1147217398421,
                    30.237058296396626
                ],
                [
                    -91.10534040425465,
                    30.246984367437406
                ],
                [
                    -91.10381893247481,
                    30.249310164008477
                ],
                [
                    -91.10307934468167,
                    30.255090343101386
                ],
                [
                    -91.10564660768034,
                    30.261744631180292
                ],
                [
                    -91.10682853338612,
                    30.26346431575446
                ],
                [
                    -91.11187557397467,
                    30.268305447405098
                ],
                [
                    -91.11438553654904,
                    30.27012690362423
                ],
                [
                    -91.11792275762578,
                    30.272122215437548
                ],
                [
                    -91.124829608892,
                    30.275741502320443
                ],
                [
                    -91.1317269001314,
                    30.278849565075248
                ],
                [
                    -91.14914427032369,
                    30.28603171701056
                ],
                [
                    -91.15276953027352,
                    30.28600190372761
                ],
                [
                    -91.16188150005621,
                    30.28882578196378
                ],
                [
                    -91.16596069575257,
                    30.289480363418434
                ],
                [
                    -91.17780400779839,
                    30.28881404535143
                ],
                [
                    -91.17857514995089,
                    30.286900919161468
                ],
                [
                    -91.18993213810421,
                    30.28421746534525
                ],
                [
                    -91.19229230688089,
                    30.284225884981907
                ],
                [
                    -91.1976294749994,
                    30.28308236608852
                ],
                [
                    -91.20295151916544,
                    30.284074876293033
                ],
                [
                    -91.2070385750546,
                    30.28553556464702
                ],
                [
                    -91.21640326925768,
                    30.29064523263942
                ],
                [
                    -91.22070921958898,
                    30.294014350149354
                ],
                [
                    -91.2235829471337,
                    30.29841313038426
                ],
                [
                    -91.2239078252236,
                    30.301323868544728
                ],
                [
                    -91.2166515972064,
                    30.305234178716887
                ],
                [
                    -91.20264955106762,
                    30.308042256492882
                ],
                [
                    -91.19900333782299,
                    30.309354937615268
                ],
                [
                    -91.18619675397079,
                    30.312355666856945
                ],
                [
                    -91.17651132584683,
                    30.309888799202497
                ],
                [
                    -91.17178673270458,
                    30.3099185952551
                ],
                [
                    -91.16892448875906,
                    30.310030137421364
                ],
                [
                    -91.15961833475032,
                    30.309525349395315
                ],
                [
                    -91.15464224567563,
                    30.30916343309275
                ],
                [
                    -91.15111595176805,
                    30.310289905281238
                ],
                [
                    -91.14312501565401,
                    30.313545708835562
                ],
                [
                    -91.13847776108338,
                    30.31690151962968
                ],
                [
                    -91.13552709751373,
                    30.323133920226013
                ],
                [
                    -91.13505679323208,
                    30.328288949473688
                ],
                [
                    -91.13613446239115,
                    30.331423169307882
                ],
                [
                    -91.13725696415949,
                    30.331947710095577
                ],
                [
                    -91.14156079501952,
                    30.338121116928747
                ],
                [
                    -91.14158346787914,
                    30.339594106662133
                ],
                [
                    -91.14585652878051,
                    30.342584500773455
                ],
                [
                    -91.15964875669431,
                    30.348131188802114
                ],
                [
                    -91.16384048169766,
                    30.348790593245738
                ],
                [
                    -91.17129620122152,
                    30.351872440685938
                ],
                [
                    -91.17913502770945,
                    30.353118787759243
                ],
                [
                    -91.19618762279374,
                    30.35372318731814
                ],
                [
                    -91.19822775234782,
                    30.351723215042497
                ],
                [
                    -91.2047743453132,
                    30.351581788540713
                ],
                [
                    -91.2062872563013,
                    30.351078038558825
                ],
                [
                    -91.22990295044454,
                    30.350301554923902
                ],
                [
                    -91.2332233209088,
                    30.353674276700602
                ],
                [
                    -91.2341422015882,
                    30.356888778412298
                ],
                [
                    -91.23349539442506,
                    30.362232326397105
                ],
                [
                    -91.23266450729075,
                    30.36423786582995
                ],
                [
                    -91.23196785221755,
                    30.36631182394966
                ],
                [
                    -91.22928843475006,
                    30.370598741102853
                ],
                [
                    -91.22572984105776,
                    30.375087549635055
                ],
                [
                    -91.22216812969522,
                    30.380283489399446
                ],
                [
                    -91.2131584125824,
                    30.388029068658923
                ],
                [
                    -91.2044330736052,
                    30.397462158319655
                ],
                [
                    -91.20197581897865,
                    30.40112452650341
                ],
                [
                    -91.1978261089387,
                    30.409930426231654
                ],
                [
                    -91.19517567346453,
                    30.415563818252494
                ],
                [
                    -91.19168058237689,
                    30.42857087683882
                ],
                [
                    -91.19093450443985,
                    30.435258807226248
                ],
                [
                    -91.19121945188093,
                    30.436347547945104
                ],
                [
                    -91.19075126299627,
                    30.439884693299106
                ],
                [
                    -91.19091377451795,
                    30.448799551819633
                ],
                [
                    -91.19187067540402,
                    30.457094901564616
                ],
                [
                    -91.19249777169894,
                    30.461171147336003
                ],
                [
                    -91.19253243068945,
                    30.46796218589961
                ],
                [
                    -91.19294407852941,
                    30.47632678803592
                ],
                [
                    -91.19302892680535,
                    30.48349351874907
                ],
                [
                    -91.19270346375231,
                    30.487340245526397
                ],
                [
                    -91.18017394713648,
                    30.487343758042073
                ],
                [
                    -91.16005217065546,
                    30.48092250598779
                ],
                [
                    -91.12208302755018,
                    30.468795199573364
                ],
                [
                    -91.0879786194922,
                    30.482825232527247
                ],
                [
                    -91.06210948592562,
                    30.47600061068799
                ],
                [
                    -91.05787376886302,
                    30.47488260024967
                ],
                [
                    -91.05521766644209,
                    30.47616559581938
                ],
                [
                    -91.05188048913506,
                    30.477777446496646
                ],
                [
                    -91.0339007768387,
                    30.486459181953038
                ],
                [
                    -91.03331118773305,
                    30.486743801756433
                ],
                [
                    -91.03236965607405,
                    30.485384991681798
                ],
                [
                    -91.02853018726938,
                    30.479843451046392
                ],
                [
                    -91.02091994059258,
                    30.46885742606895
                ],
                [
                    -91.0189024820887,
                    30.468457544111175
                ],
                [
                    -91.01447671028868,
                    30.467580188292573
                ],
                [
                    -90.99787476019533,
                    30.4642875928443
                ],
                [
                    -90.97878185031132,
                    30.464506939220726
                ],
                [
                    -90.97714581112896,
                    30.464525603383677
                ],
                [
                    -90.97662531093887,
                    30.464595714769445
                ],
                [
                    -90.97623059613922,
                    30.46464887826474
                ],
                [
                    -90.97303383088972,
                    30.465079411133203
                ],
                [
                    -90.96926799622094,
                    30.470412413013747
                ],
                [
                    -90.96721485034541,
                    30.47331967210755
                ],
                [
                    -90.9615485729032,
                    30.481342018385604
                ],
                [
                    -90.95003168287236,
                    30.493445578821124
                ],
                [
                    -90.94135876025474,
                    30.498517081358486
                ],
                [
                    -90.93681709579295,
                    30.50117236940207
                ],
                [
                    -90.91932800264283,
                    30.511394479004153
                ],
                [
                    -90.9247547843976,
                    30.52518625786965
                ],
                [
                    -90.92273230548601,
                    30.540987025697035
                ],
                [
                    -90.92137310984927,
                    30.551602221716976
                ],
                [
                    -90.91904156755966,
                    30.56980459629861
                ],
                [
                    -90.90011774801718,
                    30.592190410783985
                ],
                [
                    -90.87817390959388,
                    30.60718534281159
                ],
                [
                    -90.84923924754048,
                    30.622031504380374
                ],
                [
                    -90.84132740051612,
                    30.646991034543518
                ],
                [
                    -90.83966509211537,
                    30.65223324586441
                ],
                [
                    -90.83446025099339,
                    30.668642874844792
                ],
                [
                    -90.83309818586817,
                    30.67088827429083
                ],
                [
                    -90.80427899154475,
                    30.69828846140058
                ],
                [
                    -90.77938885388298,
                    30.70825195460229
                ],
                [
                    -90.77175566120465,
                    30.711306113421003
                ],
                [
                    -90.76140977930933,
                    30.708359442440596
                ],
                [
                    -90.74699674172602,
                    30.708110035197564
                ],
                [
                    -90.73959658662083,
                    30.716287152618378
                ],
                [
                    -90.73101306614512,
                    30.720328355191896
                ],
                [
                    -90.70656837230332,
                    30.724013301635537
                ],
                [
                    -90.6864596149719,
                    30.709528635891417
                ]
            ]
        ],
        "type": "Polygon"
    },
    "purpose": "The Louisiana Watershed Inititative (LWI) pilot study conducted for quantifying compound flood hazard in regions near the coastline, where both riverine and coastal flood drivers are significant contributors to total flood hazard, known as the transition zone (TZ). The procedure to quantify compound flood hazard involves 1) developing numerical models capable of simulating rainfall-runoff and coastal hydrodynamic processes, 2) generating a set of tropical storms and non-tropical storms (i.e., all storm types other than tropical storms, which include extratropical cyclones, frontal storms, and convective storms) representative of compound flooding conditions in the basin(s) of interest, 3) simulating storms incorporating a range of compound flooding conditions using the numerical models, and 4) leveraging Joint Probability Method \u2013 Optimal Sampling (JPM-OS) and extreme value analysis (EVA) methods to assess water level recurrence intervals for tropical and non-tropical events respectively. The procedures documented within the LWI pilot study memoranda balance rigor with computational efficiency to produce a set of annual exceedance probability (AEP) water surface elevations within the basin(s) of interest. Once methods are finalized, water level AEPs and other model data could be used to inform planning and design activities in the coastal and compound flood transition zone. Source: MODEL CALIBRATION AND VALIDATION - AMITE RIVER BASIN PILOT STUDY TECHNICAL MEMORANDUM The Water Institute, Hugh Roberts, Brendan Yuill, Nate Young, et. al. (2021)\".",
    "temporal_resolution": null,
    "spatial_extent": [
        "MULTIPOLYGON(((-90.6864596149719 30.709528635891417,-90.68399968564852 30.704213731469252,-90.67581788272378 30.686531986195135,-90.65863342554366 30.64937350312674,-90.6666616210395 30.60142975948547,-90.67841059829168 30.58688731852645,-90.69079039589401 30.560714625545614,-90.69642931315585 30.546857876815025,-90.69624102448219 30.545020740859314,-90.69195915905068 30.503229774592967,-90.62965911636336 30.506054812089758,-90.62988656126822 30.52481840348591,-90.63094134950784 30.53532711546623,-90.63018710784618 30.552890387164098,-90.6145393217413 30.560602137075747,-90.61551977397967 30.57960673481658,-90.6168327906538 30.60505383460068,-90.61755988082012 30.619143506974552,-90.61855728013667 30.63846902187842,-90.61797340559959 30.641336098974108,-90.61315011598457 30.66501280082312,-90.61282044175871 30.666630604187148,-90.6125597456507 30.667909867926127,-90.6073180731845 30.69362276939802,-90.6070064775214 30.695150777994172,-90.60551610211277 30.702458519236444,-90.58500609322927 30.70623094294878,-90.56412993178716 30.688687966110493,-90.56334338716213 30.688026824087828,-90.55932710639682 30.653686638730946,-90.55875829382452 30.648821787116304,-90.55772465221726 30.63998052482657,-90.55410363411838 30.613790019773376,-90.5535389500749 30.60970476163618,-90.5566965359858 30.589923433298083,-90.55721144251551 30.58669675634249,-90.56025808176514 30.567599373696922,-90.56655482867049 30.55571058084591,-90.56809145482829 30.55280877882359,-90.57033179578214 30.540407624609372,-90.56332418226171 30.504108663160153,-90.53188788829847 30.50487142463426,-90.52948222668216 30.511925614917686,-90.52508552324339 30.52481511406232,-90.5233699693951 30.529843405101033,-90.51944875179395 30.542048584263256,-90.51132997844863 30.565217905490286,-90.50559521968394 30.581905589864263,-90.51003399790407 30.595297707958153,-90.51986977429208 30.6249607773492,-90.5300710966852 30.65570850784077,-90.51629302802077 30.66241750171467,-90.51190266659789 30.664554795553187,-90.5059347630747 30.66745966131441,-90.5053254260245 30.665544841642216,-90.50521060874078 30.665184030923783,-90.50477932089264 30.663828673272988,-90.49677189180511 30.638361397989712,-90.49277431361891 30.632880534824977,-90.48715702997555 30.625177795925694,-90.48267831792135 30.61903534049084,-90.47963353723333 30.614858987009626,-90.47902182125198 30.613954843474417,-90.47842144970849 30.61306744586051,-90.47580243201548 30.609196134166524,-90.47478964421342 30.607698987375883,-90.47377885928084 30.606204752488125,-90.47302812111391 30.605094906607818,-90.47119227417608 30.60238078537769,-90.46725098744245 30.596553414655688,-90.4621784974111 30.589038433314414,-90.45181443714307 30.5777819808187,-90.45173087328168 30.57744843916757,-90.4511830464406 30.575261797623696,-90.44703959292762 30.55872046481521,-90.44120569977689 30.55046726428658,-90.43815083335089 30.546144921606626,-90.43422992213617 30.540596582123868,-90.40722090842785 30.52031796090357,-90.39843239852924 30.512302518935385,-90.39434184801084 30.51228388724931,-90.39391163636897 30.51228192125774,-90.37899601306518 30.512212844245354,-90.37889759003514 30.51216251463417,-90.37027802593671 30.507754054767062,-90.36829873675036 30.507391591469784,-90.36758881181738 30.507261574793105,-90.36396212759816 30.507048662237125,-90.36190312453255 30.506878300273556,-90.36148031158267 30.506843312310394,-90.36049884567444 30.506762093388915,-90.35617766589259 30.506630069758415,-90.35522210265624 30.506600857086724,-90.35491879526671 30.506596812082492,-90.3453176507984 30.50646841624554,-90.34302285472727 30.519121247915933,-90.34266642688925 30.52108613534149,-90.3369588579689 30.522381806649705,-90.32742218947186 30.524546074533546,-90.324091769891 30.52861867002993,-90.32211305148284 30.540238604052774,-90.33051781412021 30.547542877614575,-90.32512393579742 30.564443012000552,-90.31592018566366 30.568616625310852,-90.31345778485844 30.58041266711669,-90.30900252065358 30.590488877213843,-90.31469911849598 30.599674279000098,-90.31141971894493 30.6046391489419,-90.30741604316302 30.610699679743774,-90.30247974410469 30.615992602487978,-90.29238748430298 30.62681145817622,-90.28675965754947 30.62672209154509,-90.2764372929052 30.619922616037726,-90.26407575522461 30.578661692025236,-90.23893766163208 30.559161430937706,-90.19642331993843 30.503772208532894,-90.19890146099101 30.487381122365818,-90.20360971316653 30.459612082263348,-90.21270475779289 30.436386315862762,-90.21226269265979 30.436377018818973,-90.19660102851566 30.43604666714498,-90.18309246960742 30.435760222303898,-90.14680127213127 30.43876698017627,-90.1400897693743 30.44705104192171,-90.12000332483362 30.440122462853424,-90.1147899629401 30.438282875942207,-90.08956858466959 30.430244327468372,-90.08456131847073 30.429422079331374,-90.08498103386984 30.425221955856784,-90.08359469931287 30.417807800613957,-90.08465366133092 30.409563361262556,-90.08829807492788 30.39458358897849,-90.09011540033605 30.387140225348816,-90.09226007854713 30.37272602582634,-90.09477114855484 30.358777571261356,-90.09605941015022 30.351619591483725,-90.16911455464904 30.36681761541496,-90.21269274358826 30.36609998809159,-90.25607804925713 30.32371867041182,-90.30116838068002 30.250511351011284,-90.32088037684909 30.240383730713205,-90.38459761716999 30.20761133300526,-90.38723521073629 30.206253532772976,-90.41049705925148 30.14362714645418,-90.38786672091358 30.08905890110192,-90.40218706042963 30.074980598392358,-90.42052553463422 30.0534036019357,-90.42864281168369 30.044005435041356,-90.43518497404736 30.036366199814537,-90.45096121266526 30.018459183633084,-90.45404534182691 30.001264730425888,-90.46744198417049 30.005642896077603,-90.46735143902626 30.01303663902037,-90.46967139398507 30.01473936968793,-90.46785911026909 30.035696919386282,-90.46637376477966 30.038175792872195,-90.47339796366136 30.046897510442136,-90.47327050658124 30.05182282809227,-90.47793535367812 30.05337943565567,-90.48084699691748 30.05687288453632,-90.48719179633544 30.06062735264271,-90.50056594610086 30.060948278225865,-90.50850605998986 30.059057523693298,-90.51803696592812 30.05460403491685,-90.52227497867773 30.05191024822311,-90.53019041278212 30.05036896907872,-90.53889936272667 30.05062802314842,-90.54404381669333 30.051572663312314,-90.54942092163289 30.05281510520979,-90.55751100975318 30.054105075251144,-90.56947389318127 30.055387171880255,-90.58067243013868 30.055515999004513,-90.59401566893686 30.052367112620857,-90.59816561334605 30.051387438664136,-90.6049712802004 30.04792086462156,-90.61069971796118 30.04456522234345,-90.6153737101691 30.040845528995348,-90.61940087422843 30.037856073048076,-90.62083850929794 30.037233826097804,-90.62229709505978 30.037513452443775,-90.62671571282746 30.041368717762424,-90.63165948579899 30.04452192578782,-90.64148624250932 30.053007339688378,-90.64402188618422 30.05330475888543,-90.65182006724626 30.055557230455804,-90.65400438192195 30.05573329438542,-90.66175673760637 30.05500320011828,-90.66792692894192 30.052809599702314,-90.67915515087763 30.046372452062343,-90.69301511140813 30.03846459792757,-90.72697733763852 30.017093620171536,-90.73413007630215 30.019133450486763,-90.73641305690218 30.018656618868306,-90.74036809241088 30.02021605470695,-90.75146333983257 30.02048844013953,-90.7548107846851 30.019801541848878,-90.76564786983167 30.019408160175587,-90.7742556548533 30.018646406666704,-90.7759182432016 30.017291581422995,-90.7853852612299 30.014809768413897,-90.7931200218242 30.010028044710708,-90.79640214977526 30.006794177513484,-90.80557571912466 29.999407006974053,-90.81876018322674 29.989079792907333,-90.82272622019349 29.989267739532323,-90.82470868163985 29.992360670892083,-90.8263689022446 29.99700297841639,-90.82831180476575 30.011502883966998,-90.83038952885342 30.02027176520494,-90.83176278931273 30.030702079515308,-90.83383067713366 30.04083898226071,-90.8346615100508 30.043159825695994,-90.83927793590387 30.054589983020165,-90.84070657147588 30.055765537215265,-90.84552853061048 30.061533632952077,-90.84798389424823 30.061910025550148,-90.85711274897515 30.067293543990345,-90.86265756042435 30.06872733351051,-90.86977150308275 30.06788780539594,-90.87815866575369 30.067107427644814,-90.8874266498752 30.06786678463949,-90.89699209244522 30.073527880367664,-90.90244902705241 30.08003960037027,-90.90592375607815 30.089456927050392,-90.90854143474621 30.100593842007783,-90.91278576239891 30.121908090742792,-90.91634501732065 30.12878625950411,-90.92073476181449 30.13439925727107,-90.92850799320472 30.138800099359955,-90.93887667703498 30.140223070675574,-90.94208378570796 30.140146332280096,-90.94335694412526 30.139499939442572,-90.94393443751791 30.138972451769547,-90.94560897792256 30.137442863964964,-90.94919405981368 30.135469964762976,-90.95105360310114 30.13296245785476,-90.951258185906 30.131766257309494,-90.95209492601649 30.130530943778197,-90.95355942459177 30.1250479193926,-90.95322119860548 30.124145155009515,-90.95384259699047 30.121284760125704,-90.95404560912432 30.117972846108756,-90.95380991633014 30.115219744350213,-90.95384894410081 30.11425841497916,-90.95471579364903 30.113391012110583,-90.95967323714561 30.112701289540382,-90.9679147216418 30.114354281701594,-90.97565077286764 30.116024864877076,-90.99151666066416 30.11887054117649,-90.99277362799552 30.118658360671304,-90.99800190796148 30.118897308519536,-91.00059273038536 30.119400861146744,-91.00794089018788 30.119851660878794,-91.0097738387745 30.11966554315221,-91.01727359783858 30.119814438118937,-91.01040813093358 30.126151263643607,-91.00291830633421 30.133220834964717,-91.00192295600165 30.134055732226358,-90.99772675482954 30.139760185892158,-90.99504384814303 30.143486391136747,-90.99469259889727 30.147708033096592,-90.99470350718859 30.1502470319099,-90.99402990821761 30.15394209455181,-90.99326344017972 30.156056582892447,-90.99393012267267 30.159464824641006,-90.99619259559353 30.164215132671274,-90.99933451106541 30.16966053353481,-91.00209983487278 30.17469964658366,-91.01104120214202 30.185833424986825,-91.014182232339 30.189763262876454,-91.01666624986544 30.1943999993876,-91.01786097877401 30.195354959689695,-91.02032039901107 30.199233059932936,-91.02420781963392 30.20256180718455,-91.02426001370948 30.202545412761395,-91.02952217424146 30.20707625145178,-91.04650895497814 30.216119858093663,-91.050024452019 30.217212153624345,-91.05956987324443 30.218002124313344,-91.06291550997459 30.217942610545037,-91.06506937323832 30.21850623721882,-91.07268884271558 30.219062594023583,-91.07662481747113 30.21846991084101,-91.08219076389013 30.217864699532115,-91.0932399622008 30.21472609618671,-91.09958031834094 30.211889034277448,-91.10554919464775 30.20865029175161,-91.1106161868963 30.20562750216635,-91.12626060786533 30.194867461026277,-91.13563246563798 30.189127863615838,-91.13943886878127 30.18651800945463,-91.14156279438686 30.184816692668846,-91.1464178541773 30.18366379876997,-91.14966685532575 30.185474839168904,-91.15366728544315 30.19296181802372,-91.15310053358519 30.197553567888832,-91.15194605211371 30.19955442325076,-91.1520459876488 30.200371049640736,-91.15019106366245 30.20336684398174,-91.14502834895474 30.213055707456817,-91.1363162902054 30.2226295771016,-91.11725894846198 30.236743812374684,-91.1147217398421 30.237058296396626,-91.10534040425465 30.246984367437406,-91.10381893247481 30.249310164008477,-91.10307934468167 30.255090343101386,-91.10564660768034 30.261744631180292,-91.10682853338612 30.26346431575446,-91.11187557397467 30.268305447405098,-91.11438553654904 30.27012690362423,-91.11792275762578 30.272122215437548,-91.124829608892 30.275741502320443,-91.1317269001314 30.278849565075248,-91.14914427032369 30.28603171701056,-91.15276953027352 30.28600190372761,-91.16188150005621 30.28882578196378,-91.16596069575257 30.289480363418434,-91.17780400779839 30.28881404535143,-91.17857514995089 30.286900919161468,-91.18993213810421 30.28421746534525,-91.19229230688089 30.284225884981907,-91.1976294749994 30.28308236608852,-91.20295151916544 30.284074876293033,-91.2070385750546 30.28553556464702,-91.21640326925768 30.29064523263942,-91.22070921958898 30.294014350149354,-91.2235829471337 30.29841313038426,-91.2239078252236 30.301323868544728,-91.2166515972064 30.305234178716887,-91.20264955106762 30.308042256492882,-91.19900333782299 30.309354937615268,-91.18619675397079 30.312355666856945,-91.17651132584683 30.309888799202497,-91.17178673270458 30.3099185952551,-91.16892448875906 30.310030137421364,-91.15961833475032 30.309525349395315,-91.15464224567563 30.30916343309275,-91.15111595176805 30.310289905281238,-91.14312501565401 30.313545708835562,-91.13847776108338 30.31690151962968,-91.13552709751373 30.323133920226013,-91.13505679323208 30.328288949473688,-91.13613446239115 30.331423169307882,-91.13725696415949 30.331947710095577,-91.14156079501952 30.338121116928747,-91.14158346787914 30.339594106662133,-91.14585652878051 30.342584500773455,-91.15964875669431 30.348131188802114,-91.16384048169766 30.348790593245738,-91.17129620122152 30.351872440685938,-91.17913502770945 30.353118787759243,-91.19618762279374 30.35372318731814,-91.19822775234782 30.351723215042497,-91.2047743453132 30.351581788540713,-91.2062872563013 30.351078038558825,-91.22990295044454 30.350301554923902,-91.2332233209088 30.353674276700602,-91.2341422015882 30.356888778412298,-91.23349539442506 30.362232326397105,-91.23266450729075 30.36423786582995,-91.23196785221755 30.36631182394966,-91.22928843475006 30.370598741102853,-91.22572984105776 30.375087549635055,-91.22216812969522 30.380283489399446,-91.2131584125824 30.388029068658923,-91.2044330736052 30.397462158319655,-91.20197581897865 30.40112452650341,-91.1978261089387 30.409930426231654,-91.19517567346453 30.415563818252494,-91.19168058237689 30.42857087683882,-91.19093450443985 30.435258807226248,-91.19121945188093 30.436347547945104,-91.19075126299627 30.439884693299106,-91.19091377451795 30.448799551819633,-91.19187067540402 30.457094901564616,-91.19249777169894 30.461171147336003,-91.19253243068945 30.46796218589961,-91.19294407852941 30.47632678803592,-91.19302892680535 30.48349351874907,-91.19270346375231 30.487340245526397,-91.18017394713648 30.487343758042073,-91.16005217065546 30.48092250598779,-91.12208302755018 30.468795199573364,-91.0879786194922 30.482825232527247,-91.06210948592562 30.47600061068799,-91.05787376886302 30.47488260024967,-91.05521766644209 30.47616559581938,-91.05188048913506 30.477777446496646,-91.0339007768387 30.486459181953038,-91.03331118773305 30.486743801756433,-91.03236965607405 30.485384991681798,-91.02853018726938 30.479843451046392,-91.02091994059258 30.46885742606895,-91.0189024820887 30.468457544111175,-91.01447671028868 30.467580188292573,-90.99787476019533 30.4642875928443,-90.97878185031132 30.464506939220726,-90.97714581112896 30.464525603383677,-90.97662531093887 30.464595714769445,-90.97623059613922 30.46464887826474,-90.97303383088972 30.465079411133203,-90.96926799622094 30.470412413013747,-90.96721485034541 30.47331967210755,-90.9615485729032 30.481342018385604,-90.95003168287236 30.493445578821124,-90.94135876025474 30.498517081358486,-90.93681709579295 30.50117236940207,-90.91932800264283 30.511394479004153,-90.9247547843976 30.52518625786965,-90.92273230548601 30.540987025697035,-90.92137310984927 30.551602221716976,-90.91904156755966 30.56980459629861,-90.90011774801718 30.592190410783985,-90.87817390959388 30.60718534281159,-90.84923924754048 30.622031504380374,-90.84132740051612 30.646991034543518,-90.83966509211537 30.65223324586441,-90.83446025099339 30.668642874844792,-90.83309818586817 30.67088827429083,-90.80427899154475 30.69828846140058,-90.77938885388298 30.70825195460229,-90.77175566120465 30.711306113421003,-90.76140977930933 30.708359442440596,-90.74699674172602 30.708110035197564,-90.73959658662083 30.716287152618378,-90.73101306614512 30.720328355191896,-90.70656837230332 30.724013301635537,-90.6864596149719 30.709528635891417)))"
    ],
    "title": "LWI HEC-RAS 2D Unsteady Calibrated Model",
    "spatial_valid_extent": [
        "Amite"
    ]
}