{"input_files": [{"title": "Met BC Wind Velocity Y|Gridded DSS Filename", "location": ".\\BC_Extended\\ADCIRC_WIND_6\\Isaac_Y.dss", "description": "Met BC Wind Velocity Y|Gridded DSS Filename", "source_dataset": null}, {"title": "DSS File", "location": ".\\BC_Extended\\ADCIRC_WL_Isaac.dss", "description": "DSS File", "source_dataset": null}, {"title": "DSS File", "location": ".\\BC_Extended\\AORC_Data\\Isaac___Grid___AORC.dss", "description": "DSS File", "source_dataset": null}, {"title": "Met BC Precipitation|Gridded DSS Filename", "location": ".\\BC_Extended\\AORC_Data\\Gridded_Rainfall\\Isaac_AORC.dss", "description": "Met BC Precipitation|Gridded DSS Filename", "source_dataset": null}, {"title": "Met BC Wind Velocity X|Gridded DSS Filename", "location": ".\\BC_Extended\\ADCIRC_WIND_6\\Isaac_X.dss", "description": "Met BC Wind Velocity X|Gridded DSS Filename", "source_dataset": null}, {"title": "Observed Time Series Stage|TS DSS Filename", "location": ".\\BC_Extended\\PortVincent_AmiteGage_15min.dss", "description": "Observed Time Series Stage|TS DSS Filename", "source_dataset": null}, {"title": "Terrain", "location": ".\\Terrain\\Amite_Dec15.hdf", "description": "Terrain used by model", "source_dataset": null}, {"title": "b file", "location": "f{prj_name}.b{p_num}", "description": "RAS master input text file", "source_dataset": null}, {"title": "g file", "location": "Amite_2022.g01", "description": "RAS geometry file", "source_dataset": null}, {"title": "prj file", "location": "Amite_2022.prj", "description": "RAS project file which links projects with plans, geometry, and flow files", "source_dataset": null}, {"title": "c file", "location": "Amite_2022.c01", "description": "Binary Geometry file from Geom Prep", "source_dataset": null}, {"title": "x file", "location": "Amite_2022.x01", "description": "Geometry master input text file", "source_dataset": null}, {"title": "p file", "location": "Amite_2022.p07", "description": "Model plan data", "source_dataset": null}, {"title": "u file", "location": "Amite_2022.u05", "description": "unsteady flow file", "source_dataset": null}, {"title": "u hdf file", "location": "Amite_2022.u05.hdf", "description": "unsteady flow file in HDF format", "source_dataset": null}], "model_application": "ras", "title": "Amite_2022 HEC-RAS Model Simulation: Isaac_all_AORC_Optimized", "temporal_extent": ["2012-08-17", "2012-09-12"], "description": "Pontchartrain tide is from Adcirc", "temporal_resolution": "1MIN", "output_files": [{"title": "output dss file", "location": "Amite_2022.dss", "description": "output model data in dss", "source_dataset": null}, {"title": "p hdf file", "location": "Amite_2022.p07.hdf", "description": "result output in HDF format", "source_dataset": null}]}